{"web":{"client_id":"291569747823-ro6hcogju6tadvfuoep11dt1pk4vgop1.apps.googleusercontent.com","project_id":"pulse-ab09d","auth_uri":"https://accounts.google.com/o/oauth2/auth","token_uri":"https://oauth2.googleapis.com/token","auth_provider_x509_cert_url":"https://www.googleapis.com/oauth2/v1/certs","client_secret":"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","redirect_uris":["http://localhost:4200","http://127.0.0.1:5500/","http://localhost","http://127.0.0.1"],"javascript_origins":["http://localhost:4200","http://127.0.0.1:5500","http://localhost:5500","http://localhost","http://127.0.0.1"]}}