{
  "hash": "6d8890c4",
  "configHash": "c111d68c",
  "lockfileHash": "5b92033a",
  "browserHash": "e867db7f",
  "optimized": {
    "@angular/common": {
      "src": "../../../../../../node_modules/@angular/common/fesm2022/common.mjs",
      "file": "@angular_common.js",
      "fileHash": "1c1c5499",
      "needsInterop": false
    },
    "@angular/core": {
      "src": "../../../../../../node_modules/@angular/core/fesm2022/core.mjs",
      "file": "@angular_core.js",
      "fileHash": "6171e2b5",
      "needsInterop": false
    },
    "@angular/forms": {
      "src": "../../../../../../node_modules/@angular/forms/fesm2022/forms.mjs",
      "file": "@angular_forms.js",
      "fileHash": "15288321",
      "needsInterop": false
    },
    "@angular/platform-browser": {
      "src": "../../../../../../node_modules/@angular/platform-browser/fesm2022/platform-browser.mjs",
      "file": "@angular_platform-browser.js",
      "fileHash": "ec3dec86",
      "needsInterop": false
    },
    "@angular/router": {
      "src": "../../../../../../node_modules/@angular/router/fesm2022/router.mjs",
      "file": "@angular_router.js",
      "fileHash": "3d1910bd",
      "needsInterop": false
    },
    "axios": {
      "src": "../../../../../../node_modules/axios/index.js",
      "file": "axios.js",
      "fileHash": "ba706b37",
      "needsInterop": false
    },
    "rxjs/operators": {
      "src": "../../../../../../node_modules/rxjs/dist/esm5/operators/index.js",
      "file": "rxjs_operators.js",
      "fileHash": "e4a22aa8",
      "needsInterop": false
    }
  },
  "chunks": {
    "chunk-TXKJU3GR": {
      "file": "chunk-TXKJU3GR.js"
    },
    "chunk-SRILEF3E": {
      "file": "chunk-SRILEF3E.js"
    },
    "chunk-NMQQ33VS": {
      "file": "chunk-NMQQ33VS.js"
    },
    "chunk-EWHU56JM": {
      "file": "chunk-EWHU56JM.js"
    },
    "chunk-4ULMLRGT": {
      "file": "chunk-4ULMLRGT.js"
    }
  }
}